"","physsens_eat","physsens","worryoverwhelm","guilty","bodycheck","heartrace"
"physsens_eat",0,0.299635597188737,0.0613198879731233,-0.0588972273069388,-0.111045084132173,0.123952741320042
"physsens",0.299635597188737,0,-0.0502571126694194,0.464272318397891,0.26522306536363,-0.151553240692576
"worryoverwhelm",0.0613198879731233,-0.0502571126694194,0,-0.0707807058830248,0.207590604570151,0.361331559573593
"guilty",-0.0588972273069388,0.464272318397891,-0.0707807058830248,0,-0.322698596663516,0.0393651362808656
"bodycheck",-0.111045084132173,0.26522306536363,0.207590604570151,-0.322698596663516,0,-0.13529915742392
"heartrace",0.123952741320042,-0.151553240692576,0.361331559573593,0.0393651362808656,-0.13529915742392,0
