"","urge_restrict","physsens_eat","physsens","exercise","sens_body","highstand"
"urge_restrict",0,0.0569280699538068,0.00591893510348761,0.0340594672801669,0.0424146292573425,0.0947442209986131
"physsens_eat",0.0569280699538068,0,0.065784584639984,0.183492742289336,-0.0792756789683,-0.0393445833610488
"physsens",0.00591893510348761,0.065784584639984,0,0.257280218544349,0.426947761848956,0.143501089036538
"exercise",0.0340594672801669,0.183492742289336,0.257280218544349,0,-0.10690679210304,-0.12233436914588
"sens_body",0.0424146292573425,-0.0792756789683,0.426947761848956,-0.10690679210304,0,-0.0357628350717363
"highstand",0.0947442209986131,-0.0393445833610488,0.143501089036538,-0.12233436914588,-0.0357628350717363,0
