"","urge_restrict","physsens_eat","physsens","exercise","sens_body","highstand"
"urge_restrict",0.266972801851719,-0.186650687599066,0.127645815945726,-0.0428950539524473,-0.00551594288356785,0.0814346430989927
"physsens_eat",-0.174726546066897,0.354959520529644,-0.0225849906510357,0.104209307394504,-0.00219411717929269,0.0027461326718993
"physsens",0.00384762903106974,0.400784529787915,0.242421318399031,0.0338755928076713,0.112514232308237,0.316812273259189
"exercise",-0.161656810392458,-0.075659566271453,0.127132717834089,-0.0584971908906968,0.203772364999108,0.0453842396443394
"sens_body",-0.128492992857312,-0.145541470871278,0.418312924775246,0.150727716402091,0.366091725618305,-0.00684649956773833
"highstand",0.219283847612518,0.0805949659932366,-0.000671970262970101,-0.219001642231228,-0.0959775306670766,0.386809655606302
