"","feelfat","bodydiss","wtshdiss","overvalwtsh","fowg","restrict"
"feelfat",0.198182313683557,0.222028694186747,0.167184285172749,-0.0336922326749857,0.0791377062651312,0.0125242549083681
"bodydiss",0.0399665034620475,-0.0723323572426977,0.0082485871257762,-0.0256266554301741,-0.105916660648654,-0.191096625824818
"wtshdiss",0.0223655472041202,0.132459402250804,0.176470839390584,-0.0103453951427426,-0.00314843378949588,0.0020715995109433
"overvalwtsh",0.201213512623948,0.111563884497906,0.1649700291538,0.0620786275780303,0.120796995901666,0.255013292743922
"fowg",-0.0851637408025536,0.00434268878647054,0.024422999267573,0.0934902668464599,0.341109501064477,0.201045503559471
"restrict",-0.11213123844548,-0.0949565183312711,-0.164074854744347,0.00864368758394771,0.0892929913135973,0.342896792443992
