"","physsens_eat","physsens","worryoverwhelm","guilty","bodycheck","heartrace"
"physsens_eat",0.482711804009388,0.612979094628491,-0.0791023616065614,0.339445063187948,0.329171073352027,-0.24509833319129
"physsens",0.0208552383716831,-0.338131319143979,0.103579827541459,-0.0271342628315492,-0.179641093069441,-0.0781247657601915
"worryoverwhelm",0.0236719619017194,0.355541544195868,0.3746012668456,0.10655888520304,-0.0369333441770526,0.092128999221269
"guilty",0.120215969823531,0.152697113600036,-0.0169032977792667,0.364866888260054,-0.108963577611507,0.249600336042623
"bodycheck",0.00131782712988886,0.0683680760668139,0.122636896595662,0.0796761815328503,0.236976605580528,0.183657092562684
"heartrace",-0.060715619467606,-0.0244946640220116,-0.123093066996137,0.232198476842899,0.0859232061353975,0.150017351834796
