"","skipmeal","heartrace","socialanx","guilty","physsens","worryoverwhelm"
"skipmeal",0,0.719731625033763,0.354172976929739,-0.24320594094977,0.434278076437535,0.553223831043241
"heartrace",0.719731625033763,0,-0.488793366993485,0.323072158449546,-0.526866634443764,-0.537389854347172
"socialanx",0.354172976929739,-0.488793366993485,0,0.614595286886585,-0.460067229428367,-0.583190900499093
"guilty",-0.24320594094977,0.323072158449546,0.614595286886585,0,0.390133157541604,0.532426682545158
"physsens",0.434278076437535,-0.526866634443764,-0.460067229428367,0.390133157541604,0,-0.653690427619441
"worryoverwhelm",0.553223831043241,-0.537389854347172,-0.583190900499093,0.532426682545158,-0.653690427619441,0
